cohort_month,first_day_channel,customer_count,repurchased_count,repurchase_rate_pct
2018-09,both,1556,979,62.92
2018-09,channel_1,64520,26417,40.94
2018-09,channel_2,74264,35795,48.2
2018-10,both,1486,793,53.36
2018-10,channel_1,90146,33356,37.0
2018-10,channel_2,121037,46826,38.69
2018-11,both,842,400,47.51
2018-11,channel_1,50789,16923,33.32
2018-11,channel_2,86602,25856,29.86
2018-12,both,409,163,39.85
2018-12,channel_1,38772,10963,28.28
2018-12,channel_2,50763,12842,25.3
2019-01,both,276,112,40.58
2019-01,channel_1,22155,5135,23.18
2019-01,channel_2,46526,11155,23.98
2019-02,both,317,117,36.91
2019-02,channel_1,31975,6221,19.46
2019-02,channel_2,33161,7954,23.99
2019-03,both,226,83,36.73
2019-03,channel_1,18970,4402,23.21
2019-03,channel_2,31989,7971,24.92
2019-04,both,270,98,36.3
2019-04,channel_1,16806,4290,25.53
2019-04,channel_2,32808,7556,23.03
2019-05,both,262,113,43.13
2019-05,channel_1,15816,4358,27.55
2019-05,channel_2,32567,7763,23.84
2019-06,both,232,105,45.26
2019-06,channel_1,12844,4011,31.23
2019-06,channel_2,39051,9307,23.83
2019-07,both,176,69,39.2
2019-07,channel_1,11002,2964,26.94
2019-07,channel_2,32196,6800,21.12
2019-08,both,102,31,30.39
2019-08,channel_1,7765,1722,22.18
2019-08,channel_2,20027,3954,19.74
2019-09,both,127,55,43.31
2019-09,channel_1,8126,1789,22.02
2019-09,channel_2,20723,4171,20.13
2019-10,both,93,39,41.94
2019-10,channel_1,9357,1804,19.28
2019-10,channel_2,22176,3797,17.12
2019-11,both,123,51,41.46
2019-11,channel_1,10670,2283,21.4
2019-11,channel_2,26197,5040,19.24
2019-12,both,81,32,39.51
2019-12,channel_1,8972,1848,20.6
2019-12,channel_2,21527,3596,16.7
2020-01,both,78,29,37.18
2020-01,channel_1,6426,1164,18.11
2020-01,channel_2,18631,3482,18.69
2020-02,both,80,27,33.75
2020-02,channel_1,7758,1244,16.04
2020-02,channel_2,17222,3220,18.7
2020-03,both,60,15,25.0
2020-03,channel_1,3994,469,11.74
2020-03,channel_2,24188,4805,19.87
2020-04,channel_2,40689,7311,17.97
2020-05,both,73,37,50.68
2020-05,channel_1,4614,1613,34.96
2020-05,channel_2,25831,5588,21.63
2020-06,both,105,61,58.1
2020-06,channel_1,7362,2130,28.93
2020-06,channel_2,24218,5194,21.45
2020-07,both,94,31,32.98
2020-07,channel_1,7127,1548,21.72
2020-07,channel_2,16342,3217,19.69
2020-08,both,46,19,41.3
2020-08,channel_1,4437,868,19.56
2020-08,channel_2,11777,2166,18.39
