cohort_month,customer_count,repurchased_count,repurchase_rate_pct
2018-09,140340,63191,45.03
2018-10,212669,80975,38.08
2018-11,138233,43179,31.24
2018-12,89944,23968,26.65
2019-01,68957,16402,23.79
2019-02,65453,14292,21.84
2019-03,51185,12456,24.34
2019-04,49884,11944,23.94
2019-05,48645,12234,25.15
2019-06,52127,13423,25.75
2019-07,43374,9833,22.67
2019-08,27894,5707,20.46
2019-09,28976,6015,20.76
2019-10,31626,5640,17.83
2019-11,36990,7374,19.94
2019-12,30580,5476,17.91
2020-01,25135,4675,18.6
2020-02,25060,4491,17.92
2020-03,28242,5289,18.73
2020-04,40689,7311,17.97
2020-05,30518,7238,23.72
2020-06,31685,7385,23.31
2020-07,23563,4796,20.35
2020-08,16260,3053,18.78
